component,property,key,metafor component
Atmospheric Chemistry > Emission & Concentration,Scientific Properties,Atmospheric Chemistry > Emission & Concentration >> Scientific Properties,AtmChemEmissionAndConc
Atmospheric Chemistry > Emission & Concentration,Scientific Properties > 2D-Emissions,Atmospheric Chemistry > Emission & Concentration >> Scientific Properties > 2D-Emissions,AtmChemEmissionAndConc
Atmospheric Chemistry > Emission & Concentration,Scientific Properties > 2D-Emissions > Clim Emitted Species,Atmospheric Chemistry > Emission & Concentration >> Scientific Properties > 2D-Emissions > Clim Emitted Species,AtmChemEmissionAndConc
Atmospheric Chemistry > Emission & Concentration,Scientific Properties > 2D-Emissions > Climatology Type,Atmospheric Chemistry > Emission & Concentration >> Scientific Properties > 2D-Emissions > Climatology Type,AtmChemEmissionAndConc
Atmospheric Chemistry > Emission & Concentration,Scientific Properties > 2D-Emissions > Emitted Species,Atmospheric Chemistry > Emission & Concentration >> Scientific Properties > 2D-Emissions > Emitted Species,AtmChemEmissionAndConc
Atmospheric Chemistry > Emission & Concentration,Scientific Properties > 2D-Emissions > Interactiv Emitted Species,Atmospheric Chemistry > Emission & Concentration >> Scientific Properties > 2D-Emissions > Interactiv Emitted Species,AtmChemEmissionAndConc
Atmospheric Chemistry > Emission & Concentration,Scientific Properties > 2D-Emissions > Method,Atmospheric Chemistry > Emission & Concentration >> Scientific Properties > 2D-Emissions > Method,AtmChemEmissionAndConc
Atmospheric Chemistry > Emission & Concentration,Scientific Properties > 2D-Emissions > Method Characteristics,Atmospheric Chemistry > Emission & Concentration >> Scientific Properties > 2D-Emissions > Method Characteristics,AtmChemEmissionAndConc
Atmospheric Chemistry > Emission & Concentration,Scientific Properties > 2D-Emissions > Source Types,Atmospheric Chemistry > Emission & Concentration >> Scientific Properties > 2D-Emissions > Source Types,AtmChemEmissionAndConc
Atmospheric Chemistry > Emission & Concentration,Scientific Properties > 3D-Emissions,Atmospheric Chemistry > Emission & Concentration >> Scientific Properties > 3D-Emissions,AtmChemEmissionAndConc
Atmospheric Chemistry > Emission & Concentration,Scientific Properties > 3D-Emissions > Clim Emitted Species,Atmospheric Chemistry > Emission & Concentration >> Scientific Properties > 3D-Emissions > Clim Emitted Species,AtmChemEmissionAndConc
Atmospheric Chemistry > Emission & Concentration,Scientific Properties > 3D-Emissions > Climatology Type,Atmospheric Chemistry > Emission & Concentration >> Scientific Properties > 3D-Emissions > Climatology Type,AtmChemEmissionAndConc
Atmospheric Chemistry > Emission & Concentration,Scientific Properties > 3D-Emissions > Emitted Species,Atmospheric Chemistry > Emission & Concentration >> Scientific Properties > 3D-Emissions > Emitted Species,AtmChemEmissionAndConc
Atmospheric Chemistry > Emission & Concentration,Scientific Properties > 3D-Emissions > Interactiv Emitted Species,Atmospheric Chemistry > Emission & Concentration >> Scientific Properties > 3D-Emissions > Interactiv Emitted Species,AtmChemEmissionAndConc
Atmospheric Chemistry > Emission & Concentration,Scientific Properties > 3D-Emissions > Method,Atmospheric Chemistry > Emission & Concentration >> Scientific Properties > 3D-Emissions > Method,AtmChemEmissionAndConc
Atmospheric Chemistry > Emission & Concentration,Scientific Properties > 3D-Emissions > Method Characteristics,Atmospheric Chemistry > Emission & Concentration >> Scientific Properties > 3D-Emissions > Method Characteristics,AtmChemEmissionAndConc
Atmospheric Chemistry > Emission & Concentration,Scientific Properties > 3D-Emissions > Source Types,Atmospheric Chemistry > Emission & Concentration >> Scientific Properties > 3D-Emissions > Source Types,AtmChemEmissionAndConc
Atmospheric Chemistry > Emission & Concentration,Scientific Properties > Concentrations,Atmospheric Chemistry > Emission & Concentration >> Scientific Properties > Concentrations,AtmChemEmissionAndConc
Atmospheric Chemistry > Emission & Concentration,Scientific Properties > Concentrations > Prescribed Lower Boundary,Atmospheric Chemistry > Emission & Concentration >> Scientific Properties > Concentrations > Prescribed Lower Boundary,AtmChemEmissionAndConc
Atmospheric Chemistry > Emission & Concentration,Scientific Properties > Concentrations > Prescribed Upper Boundary,Atmospheric Chemistry > Emission & Concentration >> Scientific Properties > Concentrations > Prescribed Upper Boundary,AtmChemEmissionAndConc
Atmospheric Chemistry > Emission & Concentration,Standard Properties,Atmospheric Chemistry > Emission & Concentration >> Standard Properties,AtmChemEmissionAndConc
Atmospheric Chemistry > Emission & Concentration,Standard Properties > Citations,Atmospheric Chemistry > Emission & Concentration >> Standard Properties > Citations,AtmChemEmissionAndConc
Atmospheric Chemistry > Emission & Concentration,Standard Properties > Citations > Location,Atmospheric Chemistry > Emission & Concentration >> Standard Properties > Citations > Location,AtmChemEmissionAndConc
Atmospheric Chemistry > Emission & Concentration,Standard Properties > Citations > Title,Atmospheric Chemistry > Emission & Concentration >> Standard Properties > Citations > Title,AtmChemEmissionAndConc
Atmospheric Chemistry > Emission & Concentration,Standard Properties > Description,Atmospheric Chemistry > Emission & Concentration >> Standard Properties > Description,AtmChemEmissionAndConc
Atmospheric Chemistry > Emission & Concentration,Standard Properties > Long Name,Atmospheric Chemistry > Emission & Concentration >> Standard Properties > Long Name,AtmChemEmissionAndConc
Atmospheric Chemistry > Emission & Concentration,Standard Properties > PI Email Address,Atmospheric Chemistry > Emission & Concentration >> Standard Properties > PI Email Address,AtmChemEmissionAndConc
Atmospheric Chemistry > Emission & Concentration,Standard Properties > PI Name,Atmospheric Chemistry > Emission & Concentration >> Standard Properties > PI Name,AtmChemEmissionAndConc
Atmospheric Chemistry > Emission & Concentration,Standard Properties > Short Name,Atmospheric Chemistry > Emission & Concentration >> Standard Properties > Short Name,AtmChemEmissionAndConc
Atmospheric Chemistry > Gas Phase Chemistry,Scientific Properties,Atmospheric Chemistry > Gas Phase Chemistry >> Scientific Properties,AtmChemGasPhaseChemistry
Atmospheric Chemistry > Gas Phase Chemistry,Scientific Properties > Atm Gas Phase Chemistry Attributes,Atmospheric Chemistry > Gas Phase Chemistry >> Scientific Properties > Atm Gas Phase Chemistry Attributes,AtmChemGasPhaseChemistry
Atmospheric Chemistry > Gas Phase Chemistry,Scientific Properties > Atm Gas Phase Chemistry Attributes > Species,Atmospheric Chemistry > Gas Phase Chemistry >> Scientific Properties > Atm Gas Phase Chemistry Attributes > Species,AtmChemGasPhaseChemistry
Atmospheric Chemistry > Gas Phase Chemistry,Scientific Properties > Atm Gas Phase Chemistry Attributes > Species Detail,Atmospheric Chemistry > Gas Phase Chemistry >> Scientific Properties > Atm Gas Phase Chemistry Attributes > Species Detail,AtmChemGasPhaseChemistry
Atmospheric Chemistry > Gas Phase Chemistry,Scientific Properties > Num Of Reactions And Species,Atmospheric Chemistry > Gas Phase Chemistry >> Scientific Properties > Num Of Reactions And Species,AtmChemGasPhaseChemistry
Atmospheric Chemistry > Gas Phase Chemistry,Scientific Properties > Num Of Reactions And Species > Number Of Advected Species,Atmospheric Chemistry > Gas Phase Chemistry >> Scientific Properties > Num Of Reactions And Species > Number Of Advected Species,AtmChemGasPhaseChemistry
Atmospheric Chemistry > Gas Phase Chemistry,Scientific Properties > Num Of Reactions And Species > Number Of Bimolecular Reactions,Atmospheric Chemistry > Gas Phase Chemistry >> Scientific Properties > Num Of Reactions And Species > Number Of Bimolecular Reactions,AtmChemGasPhaseChemistry
Atmospheric Chemistry > Gas Phase Chemistry,Scientific Properties > Num Of Reactions And Species > Number Of Photolysis Reactions,Atmospheric Chemistry > Gas Phase Chemistry >> Scientific Properties > Num Of Reactions And Species > Number Of Photolysis Reactions,AtmChemGasPhaseChemistry
Atmospheric Chemistry > Gas Phase Chemistry,Scientific Properties > Num Of Reactions And Species > Number Of Steady State Species,Atmospheric Chemistry > Gas Phase Chemistry >> Scientific Properties > Num Of Reactions And Species > Number Of Steady State Species,AtmChemGasPhaseChemistry
Atmospheric Chemistry > Gas Phase Chemistry,Scientific Properties > Num Of Reactions And Species > Number Of Termolecular Reactions,Atmospheric Chemistry > Gas Phase Chemistry >> Scientific Properties > Num Of Reactions And Species > Number Of Termolecular Reactions,AtmChemGasPhaseChemistry
Atmospheric Chemistry > Gas Phase Chemistry,Scientific Properties > Processes,Atmospheric Chemistry > Gas Phase Chemistry >> Scientific Properties > Processes,AtmChemGasPhaseChemistry
Atmospheric Chemistry > Gas Phase Chemistry,Scientific Properties > Processes > Dry Deposition,Atmospheric Chemistry > Gas Phase Chemistry >> Scientific Properties > Processes > Dry Deposition,AtmChemGasPhaseChemistry
Atmospheric Chemistry > Gas Phase Chemistry,Scientific Properties > Processes > Oxidation,Atmospheric Chemistry > Gas Phase Chemistry >> Scientific Properties > Processes > Oxidation,AtmChemGasPhaseChemistry
Atmospheric Chemistry > Gas Phase Chemistry,Scientific Properties > Processes > Wash Out- Rain Out,Atmospheric Chemistry > Gas Phase Chemistry >> Scientific Properties > Processes > Wash Out- Rain Out,AtmChemGasPhaseChemistry
Atmospheric Chemistry > Gas Phase Chemistry,Scientific Properties > Processes > Wet Deposition,Atmospheric Chemistry > Gas Phase Chemistry >> Scientific Properties > Processes > Wet Deposition,AtmChemGasPhaseChemistry
Atmospheric Chemistry > Gas Phase Chemistry,Standard Properties,Atmospheric Chemistry > Gas Phase Chemistry >> Standard Properties,AtmChemGasPhaseChemistry
Atmospheric Chemistry > Gas Phase Chemistry,Standard Properties > Citations,Atmospheric Chemistry > Gas Phase Chemistry >> Standard Properties > Citations,AtmChemGasPhaseChemistry
Atmospheric Chemistry > Gas Phase Chemistry,Standard Properties > Description,Atmospheric Chemistry > Gas Phase Chemistry >> Standard Properties > Description,AtmChemGasPhaseChemistry
Atmospheric Chemistry > Gas Phase Chemistry,Standard Properties > Long Name,Atmospheric Chemistry > Gas Phase Chemistry >> Standard Properties > Long Name,AtmChemGasPhaseChemistry
Atmospheric Chemistry > Gas Phase Chemistry,Standard Properties > PI Email Address,Atmospheric Chemistry > Gas Phase Chemistry >> Standard Properties > PI Email Address,AtmChemGasPhaseChemistry
Atmospheric Chemistry > Gas Phase Chemistry,Standard Properties > PI Name,Atmospheric Chemistry > Gas Phase Chemistry >> Standard Properties > PI Name,AtmChemGasPhaseChemistry
Atmospheric Chemistry > Gas Phase Chemistry,Standard Properties > Short Name,Atmospheric Chemistry > Gas Phase Chemistry >> Standard Properties > Short Name,AtmChemGasPhaseChemistry
Atmospheric Chemistry > Heterogen Chemistry > Stratospheric,Scientific Properties,Atmospheric Chemistry > Heterogen Chemistry > Stratospheric >> Scientific Properties,StratosphericHeterChem
Atmospheric Chemistry > Heterogen Chemistry > Stratospheric,Scientific Properties > Num Of Reactions And Species,Atmospheric Chemistry > Heterogen Chemistry > Stratospheric >> Scientific Properties > Num Of Reactions And Species,StratosphericHeterChem
Atmospheric Chemistry > Heterogen Chemistry > Stratospheric,Scientific Properties > Num Of Reactions And Species > Number Of Advected Species,Atmospheric Chemistry > Heterogen Chemistry > Stratospheric >> Scientific Properties > Num Of Reactions And Species > Number Of Advected Species,StratosphericHeterChem
Atmospheric Chemistry > Heterogen Chemistry > Stratospheric,Scientific Properties > Num Of Reactions And Species > Number Of Reactions,Atmospheric Chemistry > Heterogen Chemistry > Stratospheric >> Scientific Properties > Num Of Reactions And Species > Number Of Reactions,StratosphericHeterChem
Atmospheric Chemistry > Heterogen Chemistry > Stratospheric,Scientific Properties > Num Of Reactions And Species > Number Of Steady State Species,Atmospheric Chemistry > Heterogen Chemistry > Stratospheric >> Scientific Properties > Num Of Reactions And Species > Number Of Steady State Species,StratosphericHeterChem
Atmospheric Chemistry > Heterogen Chemistry > Stratospheric,Scientific Properties > Processes,Atmospheric Chemistry > Heterogen Chemistry > Stratospheric >> Scientific Properties > Processes,StratosphericHeterChem
Atmospheric Chemistry > Heterogen Chemistry > Stratospheric,Scientific Properties > Processes > Coagulation,Atmospheric Chemistry > Heterogen Chemistry > Stratospheric >> Scientific Properties > Processes > Coagulation,StratosphericHeterChem
Atmospheric Chemistry > Heterogen Chemistry > Stratospheric,Scientific Properties > Processes > Sedimentation,Atmospheric Chemistry > Heterogen Chemistry > Stratospheric >> Scientific Properties > Processes > Sedimentation,StratosphericHeterChem
Atmospheric Chemistry > Heterogen Chemistry > Stratospheric,Scientific Properties > Species,Atmospheric Chemistry > Heterogen Chemistry > Stratospheric >> Scientific Properties > Species,StratosphericHeterChem
Atmospheric Chemistry > Heterogen Chemistry > Stratospheric,Scientific Properties > Species > Aerosol,Atmospheric Chemistry > Heterogen Chemistry > Stratospheric >> Scientific Properties > Species > Aerosol,StratosphericHeterChem
Atmospheric Chemistry > Heterogen Chemistry > Stratospheric,Scientific Properties > Species > Gas Phase,Atmospheric Chemistry > Heterogen Chemistry > Stratospheric >> Scientific Properties > Species > Gas Phase,StratosphericHeterChem
Atmospheric Chemistry > Heterogen Chemistry > Stratospheric,Scientific Properties > Species > Gas Phase Detail,Atmospheric Chemistry > Heterogen Chemistry > Stratospheric >> Scientific Properties > Species > Gas Phase Detail,StratosphericHeterChem
Atmospheric Chemistry > Heterogen Chemistry > Stratospheric,Standard Properties,Atmospheric Chemistry > Heterogen Chemistry > Stratospheric >> Standard Properties,StratosphericHeterChem
Atmospheric Chemistry > Heterogen Chemistry > Stratospheric,Standard Properties > Citations,Atmospheric Chemistry > Heterogen Chemistry > Stratospheric >> Standard Properties > Citations,StratosphericHeterChem
Atmospheric Chemistry > Heterogen Chemistry > Stratospheric,Standard Properties > Long Name,Atmospheric Chemistry > Heterogen Chemistry > Stratospheric >> Standard Properties > Long Name,StratosphericHeterChem
Atmospheric Chemistry > Heterogen Chemistry > Stratospheric,Standard Properties > PI Email Address,Atmospheric Chemistry > Heterogen Chemistry > Stratospheric >> Standard Properties > PI Email Address,StratosphericHeterChem
Atmospheric Chemistry > Heterogen Chemistry > Stratospheric,Standard Properties > PI Name,Atmospheric Chemistry > Heterogen Chemistry > Stratospheric >> Standard Properties > PI Name,StratosphericHeterChem
Atmospheric Chemistry > Heterogen Chemistry > Stratospheric,Standard Properties > Short Name,Atmospheric Chemistry > Heterogen Chemistry > Stratospheric >> Standard Properties > Short Name,StratosphericHeterChem
Atmospheric Chemistry > Heterogen Chemistry > Tropospheric,Scientific Properties,Atmospheric Chemistry > Heterogen Chemistry > Tropospheric >> Scientific Properties,TroposphericHeterChem
Atmospheric Chemistry > Heterogen Chemistry > Tropospheric,Scientific Properties > Num Of Reactions And Species,Atmospheric Chemistry > Heterogen Chemistry > Tropospheric >> Scientific Properties > Num Of Reactions And Species,TroposphericHeterChem
Atmospheric Chemistry > Heterogen Chemistry > Tropospheric,Scientific Properties > Num Of Reactions And Species > Number Of Advected Species,Atmospheric Chemistry > Heterogen Chemistry > Tropospheric >> Scientific Properties > Num Of Reactions And Species > Number Of Advected Species,TroposphericHeterChem
Atmospheric Chemistry > Heterogen Chemistry > Tropospheric,Scientific Properties > Num Of Reactions And Species > Number Of Reactions,Atmospheric Chemistry > Heterogen Chemistry > Tropospheric >> Scientific Properties > Num Of Reactions And Species > Number Of Reactions,TroposphericHeterChem
Atmospheric Chemistry > Heterogen Chemistry > Tropospheric,Scientific Properties > Num Of Reactions And Species > Number Of Steady State Species,Atmospheric Chemistry > Heterogen Chemistry > Tropospheric >> Scientific Properties > Num Of Reactions And Species > Number Of Steady State Species,TroposphericHeterChem
Atmospheric Chemistry > Heterogen Chemistry > Tropospheric,Scientific Properties > Processes,Atmospheric Chemistry > Heterogen Chemistry > Tropospheric >> Scientific Properties > Processes,TroposphericHeterChem
Atmospheric Chemistry > Heterogen Chemistry > Tropospheric,Scientific Properties > Processes > Coagulation,Atmospheric Chemistry > Heterogen Chemistry > Tropospheric >> Scientific Properties > Processes > Coagulation,TroposphericHeterChem
Atmospheric Chemistry > Heterogen Chemistry > Tropospheric,Scientific Properties > Processes > Dry Deposition,Atmospheric Chemistry > Heterogen Chemistry > Tropospheric >> Scientific Properties > Processes > Dry Deposition,TroposphericHeterChem
Atmospheric Chemistry > Heterogen Chemistry > Tropospheric,Scientific Properties > Processes > Wash Out- Rain Out,Atmospheric Chemistry > Heterogen Chemistry > Tropospheric >> Scientific Properties > Processes > Wash Out- Rain Out,TroposphericHeterChem
Atmospheric Chemistry > Heterogen Chemistry > Tropospheric,Scientific Properties > Processes > Wet Deposition,Atmospheric Chemistry > Heterogen Chemistry > Tropospheric >> Scientific Properties > Processes > Wet Deposition,TroposphericHeterChem
Atmospheric Chemistry > Heterogen Chemistry > Tropospheric,Scientific Properties > Species,Atmospheric Chemistry > Heterogen Chemistry > Tropospheric >> Scientific Properties > Species,TroposphericHeterChem
Atmospheric Chemistry > Heterogen Chemistry > Tropospheric,Scientific Properties > Species > Aerosol,Atmospheric Chemistry > Heterogen Chemistry > Tropospheric >> Scientific Properties > Species > Aerosol,TroposphericHeterChem
Atmospheric Chemistry > Heterogen Chemistry > Tropospheric,Scientific Properties > Species > Gas Phase,Atmospheric Chemistry > Heterogen Chemistry > Tropospheric >> Scientific Properties > Species > Gas Phase,TroposphericHeterChem
Atmospheric Chemistry > Heterogen Chemistry > Tropospheric,Standard Properties,Atmospheric Chemistry > Heterogen Chemistry > Tropospheric >> Standard Properties,TroposphericHeterChem
Atmospheric Chemistry > Heterogen Chemistry > Tropospheric,Standard Properties > Citations,Atmospheric Chemistry > Heterogen Chemistry > Tropospheric >> Standard Properties > Citations,TroposphericHeterChem
Atmospheric Chemistry > Heterogen Chemistry > Tropospheric,Standard Properties > Description,Atmospheric Chemistry > Heterogen Chemistry > Tropospheric >> Standard Properties > Description,TroposphericHeterChem
Atmospheric Chemistry > Heterogen Chemistry > Tropospheric,Standard Properties > Long Name,Atmospheric Chemistry > Heterogen Chemistry > Tropospheric >> Standard Properties > Long Name,TroposphericHeterChem
Atmospheric Chemistry > Heterogen Chemistry > Tropospheric,Standard Properties > PI Email Address,Atmospheric Chemistry > Heterogen Chemistry > Tropospheric >> Standard Properties > PI Email Address,TroposphericHeterChem
Atmospheric Chemistry > Heterogen Chemistry > Tropospheric,Standard Properties > PI Name,Atmospheric Chemistry > Heterogen Chemistry > Tropospheric >> Standard Properties > PI Name,TroposphericHeterChem
Atmospheric Chemistry > Heterogen Chemistry > Tropospheric,Standard Properties > Short Name,Atmospheric Chemistry > Heterogen Chemistry > Tropospheric >> Standard Properties > Short Name,TroposphericHeterChem
Atmospheric Chemistry > Heterogen Chemistry,Standard Properties,Atmospheric Chemistry > Heterogen Chemistry >> Standard Properties,AtmChemHeterogenChemistry
Atmospheric Chemistry > Heterogen Chemistry,Standard Properties > Citations,Atmospheric Chemistry > Heterogen Chemistry >> Standard Properties > Citations,AtmChemHeterogenChemistry
Atmospheric Chemistry > Heterogen Chemistry,Standard Properties > Description,Atmospheric Chemistry > Heterogen Chemistry >> Standard Properties > Description,AtmChemHeterogenChemistry
Atmospheric Chemistry > Heterogen Chemistry,Standard Properties > Long Name,Atmospheric Chemistry > Heterogen Chemistry >> Standard Properties > Long Name,AtmChemHeterogenChemistry
Atmospheric Chemistry > Heterogen Chemistry,Standard Properties > PI Email Address,Atmospheric Chemistry > Heterogen Chemistry >> Standard Properties > PI Email Address,AtmChemHeterogenChemistry
Atmospheric Chemistry > Heterogen Chemistry,Standard Properties > PI Name,Atmospheric Chemistry > Heterogen Chemistry >> Standard Properties > PI Name,AtmChemHeterogenChemistry
Atmospheric Chemistry > Heterogen Chemistry,Standard Properties > Short Name,Atmospheric Chemistry > Heterogen Chemistry >> Standard Properties > Short Name,AtmChemHeterogenChemistry
Atmospheric Chemistry > Photo Chemistry,Scientific Properties,Atmospheric Chemistry > Photo Chemistry >> Scientific Properties,AtmChemPhotoChemistry
Atmospheric Chemistry > Photo Chemistry,Scientific Properties > Num Of Reactions And Species,Atmospheric Chemistry > Photo Chemistry >> Scientific Properties > Num Of Reactions And Species,AtmChemPhotoChemistry
Atmospheric Chemistry > Photo Chemistry,Scientific Properties > Num Of Reactions And Species > Number Of Reactions,Atmospheric Chemistry > Photo Chemistry >> Scientific Properties > Num Of Reactions And Species > Number Of Reactions,AtmChemPhotoChemistry
Atmospheric Chemistry > Photo Chemistry,Scientific Properties > Num Of Reactions And Species > Number Of Species,Atmospheric Chemistry > Photo Chemistry >> Scientific Properties > Num Of Reactions And Species > Number Of Species,AtmChemPhotoChemistry
Atmospheric Chemistry > Photo Chemistry,Scientific Properties > Photolysis,Atmospheric Chemistry > Photo Chemistry >> Scientific Properties > Photolysis,AtmChemPhotoChemistry
Atmospheric Chemistry > Photo Chemistry,Scientific Properties > Photolysis > Method,Atmospheric Chemistry > Photo Chemistry >> Scientific Properties > Photolysis > Method,AtmChemPhotoChemistry
Atmospheric Chemistry > Photo Chemistry,Scientific Properties > Photolysis > Processes,Atmospheric Chemistry > Photo Chemistry >> Scientific Properties > Photolysis > Processes,AtmChemPhotoChemistry
Atmospheric Chemistry > Photo Chemistry,Scientific Properties > Photolysis > Reaction Data,Atmospheric Chemistry > Photo Chemistry >> Scientific Properties > Photolysis > Reaction Data,AtmChemPhotoChemistry
Atmospheric Chemistry > Photo Chemistry,Standard Properties,Atmospheric Chemistry > Photo Chemistry >> Standard Properties,AtmChemPhotoChemistry
Atmospheric Chemistry > Photo Chemistry,Standard Properties > Citations,Atmospheric Chemistry > Photo Chemistry >> Standard Properties > Citations,AtmChemPhotoChemistry
Atmospheric Chemistry > Photo Chemistry,Standard Properties > Citations > Location,Atmospheric Chemistry > Photo Chemistry >> Standard Properties > Citations > Location,AtmChemPhotoChemistry
Atmospheric Chemistry > Photo Chemistry,Standard Properties > Citations > Title,Atmospheric Chemistry > Photo Chemistry >> Standard Properties > Citations > Title,AtmChemPhotoChemistry
Atmospheric Chemistry > Photo Chemistry,Standard Properties > Description,Atmospheric Chemistry > Photo Chemistry >> Standard Properties > Description,AtmChemPhotoChemistry
Atmospheric Chemistry > Photo Chemistry,Standard Properties > Long Name,Atmospheric Chemistry > Photo Chemistry >> Standard Properties > Long Name,AtmChemPhotoChemistry
Atmospheric Chemistry > Photo Chemistry,Standard Properties > PI Email Address,Atmospheric Chemistry > Photo Chemistry >> Standard Properties > PI Email Address,AtmChemPhotoChemistry
Atmospheric Chemistry > Photo Chemistry,Standard Properties > PI Name,Atmospheric Chemistry > Photo Chemistry >> Standard Properties > PI Name,AtmChemPhotoChemistry
Atmospheric Chemistry > Photo Chemistry,Standard Properties > Short Name,Atmospheric Chemistry > Photo Chemistry >> Standard Properties > Short Name,AtmChemPhotoChemistry
Atmospheric Chemistry > Transport,Scientific Properties,Atmospheric Chemistry > Transport >> Scientific Properties,AtmChemTransport
Atmospheric Chemistry > Transport,Scientific Properties > Convection,Atmospheric Chemistry > Transport >> Scientific Properties > Convection,AtmChemTransport
Atmospheric Chemistry > Transport,Scientific Properties > Dry Mass Conservation,Atmospheric Chemistry > Transport >> Scientific Properties > Dry Mass Conservation,AtmChemTransport
Atmospheric Chemistry > Transport,Scientific Properties > Mass Conservation,Atmospheric Chemistry > Transport >> Scientific Properties > Mass Conservation,AtmChemTransport
Atmospheric Chemistry > Transport,Scientific Properties > Scheme Type,Atmospheric Chemistry > Transport >> Scientific Properties > Scheme Type,AtmChemTransport
Atmospheric Chemistry > Transport,Scientific Properties > Tracer And Moisture Conservation,Atmospheric Chemistry > Transport >> Scientific Properties > Tracer And Moisture Conservation,AtmChemTransport
Atmospheric Chemistry > Transport,Scientific Properties > Turbulence,Atmospheric Chemistry > Transport >> Scientific Properties > Turbulence,AtmChemTransport
Atmospheric Chemistry > Transport,Scientific Properties > Turbulence > Coupling With Chemical Reactivity,Atmospheric Chemistry > Transport >> Scientific Properties > Turbulence > Coupling With Chemical Reactivity,AtmChemTransport
Atmospheric Chemistry > Transport,Scientific Properties > Turbulence > Type,Atmospheric Chemistry > Transport >> Scientific Properties > Turbulence > Type,AtmChemTransport
Atmospheric Chemistry > Transport,Standard Properties,Atmospheric Chemistry > Transport >> Standard Properties,AtmChemTransport
Atmospheric Chemistry > Transport,Standard Properties > Citations,Atmospheric Chemistry > Transport >> Standard Properties > Citations,AtmChemTransport
Atmospheric Chemistry > Transport,Standard Properties > Citations > Location,Atmospheric Chemistry > Transport >> Standard Properties > Citations > Location,AtmChemTransport
Atmospheric Chemistry > Transport,Standard Properties > Citations > Title,Atmospheric Chemistry > Transport >> Standard Properties > Citations > Title,AtmChemTransport
Atmospheric Chemistry > Transport,Standard Properties > Description,Atmospheric Chemistry > Transport >> Standard Properties > Description,AtmChemTransport
Atmospheric Chemistry > Transport,Standard Properties > Long Name,Atmospheric Chemistry > Transport >> Standard Properties > Long Name,AtmChemTransport
Atmospheric Chemistry > Transport,Standard Properties > PI Email Address,Atmospheric Chemistry > Transport >> Standard Properties > PI Email Address,AtmChemTransport
Atmospheric Chemistry > Transport,Standard Properties > PI Name,Atmospheric Chemistry > Transport >> Standard Properties > PI Name,AtmChemTransport
Atmospheric Chemistry > Transport,Standard Properties > Short Name,Atmospheric Chemistry > Transport >> Standard Properties > Short Name,AtmChemTransport
Atmospheric Chemistry,Scientific Properties,Atmospheric Chemistry >> Scientific Properties,AtmosphericChemistry
Atmospheric Chemistry,Scientific Properties > Basic Approximations,Atmospheric Chemistry >> Scientific Properties > Basic Approximations,AtmosphericChemistry
Atmospheric Chemistry,Scientific Properties > Chem Scheme Scope,Atmospheric Chemistry >> Scientific Properties > Chem Scheme Scope,AtmosphericChemistry
Atmospheric Chemistry,Scientific Properties > Coupling With Chemical Reactivity,Atmospheric Chemistry >> Scientific Properties > Coupling With Chemical Reactivity,AtmosphericChemistry
Atmospheric Chemistry,Scientific Properties > Family Approach,Atmospheric Chemistry >> Scientific Properties > Family Approach,AtmosphericChemistry
Atmospheric Chemistry,Scientific Properties > List Of Prognostic Variables,Atmospheric Chemistry >> Scientific Properties > List Of Prognostic Variables,AtmosphericChemistry
Atmospheric Chemistry,Scientific Properties > Number Of Tracers,Atmospheric Chemistry >> Scientific Properties > Number Of Tracers,AtmosphericChemistry
Atmospheric Chemistry,Scientific Properties > Time Stepping Framework,Atmospheric Chemistry >> Scientific Properties > Time Stepping Framework,AtmosphericChemistry
Atmospheric Chemistry,Scientific Properties > Time Stepping Framework > Advection Time Step,Atmospheric Chemistry >> Scientific Properties > Time Stepping Framework > Advection Time Step,AtmosphericChemistry
Atmospheric Chemistry,Scientific Properties > Time Stepping Framework > Method,Atmospheric Chemistry >> Scientific Properties > Time Stepping Framework > Method,AtmosphericChemistry
Atmospheric Chemistry,Scientific Properties > Time Stepping Framework > Physical Time Step,Atmospheric Chemistry >> Scientific Properties > Time Stepping Framework > Physical Time Step,AtmosphericChemistry
Atmospheric Chemistry,Standard Properties,Atmospheric Chemistry >> Standard Properties,AtmosphericChemistry
Atmospheric Chemistry,Standard Properties > Citations,Atmospheric Chemistry >> Standard Properties > Citations,AtmosphericChemistry
Atmospheric Chemistry,Standard Properties > Citations > Location,Atmospheric Chemistry >> Standard Properties > Citations > Location,AtmosphericChemistry
Atmospheric Chemistry,Standard Properties > Citations > Title,Atmospheric Chemistry >> Standard Properties > Citations > Title,AtmosphericChemistry
Atmospheric Chemistry,Standard Properties > Description,Atmospheric Chemistry >> Standard Properties > Description,AtmosphericChemistry
Atmospheric Chemistry,Standard Properties > Long Name,Atmospheric Chemistry >> Standard Properties > Long Name,AtmosphericChemistry
Atmospheric Chemistry,Standard Properties > PI Email Address,Atmospheric Chemistry >> Standard Properties > PI Email Address,AtmosphericChemistry
Atmospheric Chemistry,Standard Properties > PI Name,Atmospheric Chemistry >> Standard Properties > PI Name,AtmosphericChemistry
Atmospheric Chemistry,Standard Properties > Short Name,Atmospheric Chemistry >> Standard Properties > Short Name,AtmosphericChemistry